{
  "name": "Framer Syntax",
  "type": "dark",
  "colors": {
    "activityBar.background": "#111",
    "activityBar.border": "#006097", //111
    "activityBar.dropBackground": "#000",
    "activityBar.foreground": "#fff", //fff
    "activityBarBadge.foreground": "#0af", //fff

    "activityBarBadge.background": "#333", //00AEFF
    "list.activeSelectionForeground": "#0af", //fff
    // "list.inactiveSelectionForeground": "#0af",//fff,
    "list.inactiveSelectionForeground": "#fff",//fff,
    "list.highlightForeground": "#00AEFF",
    "scrollbarSlider.activeBackground": "#777",
    "editorSuggestWidget.highlightForeground": "#fff",
    "textLink.foreground": "#00AEFF",
    "progressBar.background": "#00AEFF",
    "pickerGroup.foreground": "#00AEFF",
    "tab.activeBorder": "#00AEFF",
    "notificationLink.foreground": "#00AEFF",

    "badge.foreground": "#fff",

    "button.background": "#272727",
    "button.foreground": "#0af", //ff
    "button.hoverBackground": "#333",

    "contrastBorder": "#111",

    "debugExceptionWidget.background": "#272727",
    "debugExceptionWidget.border": "#2D2D2D",
    "debugToolBar.background": "#141414",

    "descriptionForeground": "#808080",

    "diffEditor.insertedTextBackground": "#359", //333
    "diffEditor.insertedTextBorder": "#2d2d2d", //2d2d2d
    "diffEditor.removedTextBackground": "#953", //333
    "diffEditor.removedTextBorder": "#2d2d2d", //2d2d2d

    "dropdown.background": "#333",
    "dropdown.border": "#2D2D2D",
    "dropdown.foreground": "#fff",

    "editor.background": "#111",

    "editor.foreground": "#eee",

    "editor.findMatchBackground": "#555",

    "editor.findMatchHighlightBackground": "#333",

    "editor.findRangeHighlightBackground": "#333",

    "editor.hoverHighlightBackground": "#333",

    "editor.inactiveSelectionBackground": "#333",

    "editor.lineHighlightBackground": "#333", //333
    "editor.lineHighlightBorder": "#333", //333
    "editor.rangeHighlightBackground": "#222",

    "editor.selectionBackground": "#333",

    "editor.selectionHighlightBackground": "#5b7785",

    "editor.wordHighlightStrongBackground": "#333",

    "editor.wordHighlightBackground": "#333",
    "editorBracketMatch.background": "#333",
    "editorBracketMatch.border": "#333",
    "editorCodeLens.foreground": "#333",
    "editorCursor.background": "#444",
    "editorCursor.foreground": "#0af", //#fff
    "editorError.border": "#2D2D2D",//"#2D2D2D",
    "editorError.foreground": "#e27e8d",

    "editorGutter.background": "#111", 
    "editorGutter.deletedBackground": "#e27e8d",
    "editorGutter.modifiedBackground": "#111",

    "editorGroup.background": "#111",
    "editorGroup.border": "#2D2D2D",
    "editorGroup.dropBackground": "#111",

    "editorGroupHeader.tabsBackground": "#111",
    "editorGroupHeader.tabsBorder": "#2d2d2d",

    "editorHoverWidget.background": "#111",
    "editorHoverWidget.border": "#2d2d2d",
    "editorIndentGuide.background": "#37a",//111
    "editorLineNumber.foreground": "#777", //333
    "editorLineNumber.activeForeground": "#0af", //777
    "editorLink.activeForeground": "#888", //888

    "editorMarkerNavigation.background": "#111",
    "editorMarkerNavigationError.background": "#111",
    "editorMarkerNavigationWarning.background": "#2d2d2d",

    "editorOverviewRuler.border": "#2d2d2d", //2d2d2d
    "editorOverviewRuler.commonContentForeground": "#ebbf8355",
    "editorOverviewRuler.currentContentForeground": "#ee3a4355",
    "editorOverviewRuler.incomingContentForeground": "#3ad90055",
    "editorRuler.foreground": "#fff",

    "editorSuggestWidget.background": "#111",
    "editorSuggestWidget.border": "#2d2d2d",
    "editorSuggestWidget.foreground": "#888",
    "editorSuggestWidget.selectedBackground": "#333",

    "editorWarning.border": "#ffffff00",
    "editorWarning.foreground": "#e27e8d",
    "editorWhitespace.foreground": "#444",
    "editorWidget.background": "#111",
    "editorWidget.border": "#2d2d2d",
    "errorForeground": "#e27e8d",

    "extensionButton.prominentBackground": "#333",
    "extensionButton.prominentForeground": "#fff",
    "extensionButton.prominentHoverBackground": "#222",
    "focusBorder": "#2d2d2d",
    "foreground": "#888",

    "input.background": "#444", //111
    "input.border": "#048",//111
    "input.foreground": "#0af", //fff
    "input.placeholderForeground": "#888",
    "inputOption.activeBorder": "#006097", //eee

    "inputValidation.errorBackground": "#FF5459",
    "inputValidation.errorBorder": "#4C292A",
    "inputValidation.infoBackground": "#5ec4ff",
    "inputValidation.infoBorder": "#539afc",
    "inputValidation.warningBackground": "#fff",
    "inputValidation.warningBorder": "#d98e48",

    "list.activeSelectionBackground": "#333",
    "list.dropBackground": "#000",
    "list.focusBackground": "#333", //333
    "list.focusForeground": "#888",
    "list.hoverBackground": "#333",
    "list.hoverForeground": "#0af", //fff
    "list.inactiveSelectionBackground": "#333", //333,

    "merge.border": "#ffffff00",
    "merge.commonContentBackground": "#ffffff00",
    "merge.commonHeaderBackground": "#ffffff00",
    "merge.currentContentBackground": "#ffffff00",
    "merge.currentHeaderBackground": "#ffffff00",
    "merge.incomingContentBackground": "#ffffff00",
    // "merge.incomingHeaderBackground": "#ffffff00",

    "panel.background": "#111",
    "panel.border": "#2D2D2D",
    "panelTitle.activeBorder": "#2D2D2D",
    "panelTitle.activeForeground": "#888",
    "panelTitle.inactiveForeground": "#333",

    "peekView.border": "#2D2D2D",
    "peekViewEditor.background": "#111",
    "peekViewEditor.matchHighlightBackground": "#333",
    "peekViewEditorGutter.background": "#111",
    "peekViewResult.background": "#111",
    "peekViewResult.fileForeground": "#fff",
    "peekViewResult.lineForeground": "#fff",
    "peekViewResult.matchHighlightBackground": "#333",
    "peekViewResult.selectionBackground": "#333",
    "peekViewResult.selectionForeground": "#fff",
    "peekViewTitle.background": "#111",
    "peekViewTitleDescription.foreground": "#888",
    "peekViewTitleLabel.foreground": "#00AEFF",

    "pickerGroup.border": "#333",

    "scrollbar.shadow": "#000",
    "scrollbarSlider.background": "#333",
    "scrollbarSlider.hoverBackground": "#333",

    "selection.background": "#333",

    "sideBar.background": "#111",
    "sideBar.border": "#006097", //111
    "sideBar.foreground": "#888",
    "sideBarSectionHeader.background": "#111", //111
    "sideBarSectionHeader.foreground": "#888",
    "sideBarTitle.foreground": "#0af",
    

    "statusBar.background": "#111",
    "statusBar.border": "#0af", //111
    "statusBar.debuggingBackground": "#111",
    "statusBar.debuggingForeground": "#666",
    "statusBar.foreground": "#0af", //666
    "statusBar.noFolderBackground": "#111",
    "statusBar.noFolderForeground": "#666",
    "statusBarItem.activeBackground": "#09f",
    "statusBarItem.hoverBackground": "#333",

    "tab.activeBackground": "#111",
    "tab.activeForeground": "#fff",
    "tab.border": "#111",
    "tab.inactiveBackground": "#111",
    "tab.inactiveForeground": "#888",
    "tab.unfocusedActiveForeground": "#888",
    "tab.unfocusedInactiveForeground": "#888",

    "textBlockQuote.background": "#111",
    "textBlockQuote.border": "#111",
    "textCodeBlock.background": "#111",
    "textLink.activeForeground": "#00AEFF",
    "textPreformat.foreground": "#888",
    "textSeparator.foreground": "#888",
    "titleBar.activeBackground": "#111",
    "titleBar.activeForeground": "#fff",
    "titleBar.inactiveBackground": "#111",
    "titleBar.inactiveForeground": "#777",
    "walkThrough.embeddedEditorBackground": "#111",
    "welcomePage.buttonBackground": "#111",
    "welcomePage.buttonHoverBackground": "#333",
    "widget.shadow": "#000"
  },
  "tokenColors": [
    {
      "name": "Comment",
      "scope": ["comment", "punctuation.definition.comment"],
      "settings": {
        "foreground": "#888" 
      }
    },
    {
      "name": "Constant",
      "scope": "constant",
      "settings": {
        "foreground": "#00b10f"
      }
    },
    {
      "name": "Entity",
      "scope": "entity",
      "settings": {
        "foreground": "#FA0" //#00AEff
      }
    },
    // Typescript
    {
      "name": "Keyword",
      "scope": "keyword",
      "settings": {
        "foreground": "#FFD14A"
      }
    },
    // Typescript
    {
      "name": "Keywords",
      "scope": ["keyword.control.conditional", "keyword.control.import"],
      "settings": {
        "foreground": "#FFD14A"
      }
    },
    {
      "name": "Punctuation",
      "scope": "punctuation",
      "settings": {
        "foreground": "#0af" //888
      }
    },
    {
      "name": "Punctuation Parameters",
      "scope": "punctuation.definition.parameters",
      "settings": {
        "foreground": "#888"
      }
    },
    {
      "name": "Function Parameters",
      "scope": [
        "entity.name.variable.parameter",
        "meta.at-rule.function variable",
        "meta.at-rule.mixin variable",
        "meta.function.arguments",
        "meta.selectionset.graphql meta.arguments.graphql variable.arguments.graphql",
        "variable.parameter"
      ],
      "settings": {
        "foreground": "#fff"
      }
    },
    {
      "name": "Punctuation Template Expression",
      "scope": "punctuation.definition.template-expression",
      "settings": {
        "foreground": "#FFD14A"
      }
    },
    {
      "name": "Storage",
      "scope": "storage",
      "settings": {
        "foreground": "#c277ff" //8df
      }
    },
    {
      "name": "Storage Type Arrow Function",
      "scope": "storage.type.function.arrow",
      "settings": {
        "foreground": "#FFD14A"
      }
    },
    {
      "name": "String",
      "scope": ["string", "punctuation.definition.string"],
      "settings": {
        "foreground": "#00b10f" //"#91DD64" //
      }
    },
    {
      "name": "String Template",
      "scope": ["string.template", "punctuation.definition.string.template"],
      "settings": {
        "foreground": "#91DD64" //"#91DD64" //
      }
    },
    {
      "name": "Support",
      "scope": "support",
      "settings": {
        "foreground": "#00AEFF" 
      }
    },
    {
      "name": "Support Function",
      "scope": ["support.function"],
      "settings": {
        "foreground": "#65a1fa" //00AEFF
      }
    },
    {
      "name": "[JAVASCRIPT JSX] React Class",
      "scope": ["support.class.component.js"],
      "settings": {
        "foreground": "#00AEFF"
      }
    },
    {
      "name": "Variable",
      "scope": "variable",
      "settings": {
        "foreground": "#fe9" //fff
      }
    },
    // CSS ----------------------------------------------------------------------
    {
      "name": "[CSS] - Entity",
      "scope": [
        "source.css",
        "source.stylus",
        "source.scss",
        "entity.other.attribute-name.class.css"
      ],
      "settings": {
        "foreground": "#00AEFF"
      }
    },
    {
      "name": "[CSS] - Hex hex",
      "scope": ["punctuation.definition.constant.css"],
      "settings": {
        "foreground": "#a8f"
      }
    },
    {
      "name": "[CSS] - keys",
      "scope": ["support.type.property-name.css"],
      "settings": {
        "foreground": "#fff"
      }
    },
    {
      "name": "[CSS] - Keyword",
      "scope": [
        "source.css punctuation.definition.keyword",
        "source.css keyword.control"
      ],
      "settings": {
        "foreground": "#f6b"
      }
    },
    {
      "name": "[CSS] - Important",
      "scope": "keyword.other.important.scss",
      "settings": {
        "foreground": "#f6b"
      }
    },
    {
      "name": "[CSS] - Punctiation",
      "scope": ["punctuation.definition.entity.css"],
      "settings": {
        "foreground": "#00AEFF"
      }
    },
    {
      "name": "[CSS] - ID hastags",
      "scope": ["entity.other.attribute-name.pseudo-element.css"],
      "settings": {
        "foreground": "#00AEFF"
      }
    },
    {
      "name": "[CSS] - support misc function",
      "scope": ["support.function.misc.scss"],
      "settings": {
        "foreground": "#a8f"
      }
    },
    {
      "name": "[CSS] - ID Selector",
      "scope": ["entity.other.attribute-name.id.css"],
      "settings": {
        "foreground": "#8df"
      }
    },
    {
      "name": "[CSS] - Element Selector",
      "scope": "entity.name.tag.css",
      "settings": {
        "foreground": "#00AEFF"
      }
    },
    {
      "name": "[CSS] - Support",
      "scope": [
        "source.css support",
        "source.stylus support",
        "source.css support.constant"
      ],
      "settings": {
        "foreground": "#fff"
      }
    },
    {
      "name": "[CSS] - Constant",
      "scope": ["source.stylus constant", "source.css constant"],
      "settings": {
        "foreground": "#a8f"
      }
    },
    {
      "name": "[CSS] - support constant",
      "scope": ["support.constant.property-value.css"],
      "settings": {
        "foreground": "#FFD14A"
      }
    },
    {
      "name": "[CSS] - units",
      "scope": [
        "keyword.other.unit.css",
        "keyword.other.unit.px.css",
        "keyword.other.unit.percentage.css",
        "constant.other.color.rgb-value.hex.css",
        "keyword.other.unit.ms.css",
        "keyword.other.unit.s.css",
        "keyword.other.unit.vh.css",
        "keyword.other.unit.vw.css",
        "keyword.other.unit.deg.css",
        "keyword.other.unit.fr.css"
      ],
      "settings": {
        "foreground": "#a8f"
      }
    },
    {
      "name": "[CSS] - String",
      "scope": [
        "source.css string",
        "source.css punctuation.definition.string",
        "source.stylus string",
        "source.stylus punctuation.definition.string"
      ],
      "settings": {
        "foreground": "#98EC65" //98EC65
      }
    },
    {
      "name": "[CSS] - Variable",
      "scope": ["source.css variable", "source.stylus variable"],
      "settings": {
        "foreground": "#FFD14A"
      }
    },
    // HTML ----------------------------------------------------------------------
    {
      "name": "[HTML] - Entity",
      "scope": ["entity.other"],
      "settings": {
        "foreground": "#8df"
      }
    },
    {
      "name": "[HTML] - Elements",
      "scope": [
        "entity.name.tag.block.any.html",
        "entity.name.tag.inline.any.html",
        "entity.name.tag.structure.any.html",
        "entity.name.tag.html",
        "meta.jsx.children.tsx"
      ],
      "settings": {
        "foreground": "#00AAEF"
      }
    },
    {
      "name": "[HTML] - Keywords",
      "scope": ["punctuation.definition.keyword", "keyword.control"],
      "settings": {
        "foreground": "#FFD14A"
      }
    },
    {
      "name": "[HTML] - ID value",
      "scope": "meta.toc-list.id.html",
      "settings": {
        "foreground": "#91DD64"
      }
    },
    {
      "name": "[HTML] - Meta tags",
      "scope": ["meta.tag.block.any.html", "meta.tag.inline.any.html"],
      "settings": {
        "foreground": "#00AEFF"
      }
    },
    {
      "name": "[HTML] - Tags",
      "scope": [
        "punctuation.definition.tag.end.html",
        "punctuation.definition.tag.begin.html"
      ],
      "settings": {
        "foreground": "#777"
      }
    },
    {
      "name": "[HTML] - Text basic",
      "scope": "text.html.basic",
      "settings": {
        "foreground": "#c3c3c3"
      }
    },
    {
      "name": "[HTML] - Quotes",
      "scope":
        "punctuation.definition.string.begin, punctuation.definition.string.end",
      "settings": {
        "foreground": "#91DD64"
      }
    },

    // Javascript ----------------------------------------------------------------------
    {
      "name": "[JAVASCRIPT] - Numbers",
      "scope": "source.js constant",
      "settings": {
        "foreground": "#a8f"
      }
    },
    {
      "name": "[JAVASCRIPT] - Keywords",
      "scope": "keyword.operator",
      "settings": {
        "foreground": "#f6b"
      }
    },
    {
      "name": "[JAVASCRIPT] - Keywords",
      "scope": "source.js keyword",
      "settings": {
        "foreground": "#f6b"
      }
    },

    {
      "name": "[JAVASCRIPT] - Storage Type Function",
      "scope": "source.js storage.type.function",
      "settings": {
        "foreground": "#fff"
      }
    },
    {
      "name": "[JAVASCRIPT] - Keywords",
      "scope": [
        "source.js punctuation.definition.keyword",
        "source.js keyword.control"
      ],
      "settings": {
        "foreground": "#FFD14A"
      }
    },
    {
      "name": "[JAVASCRIPT] - Keywords",
      "scope": [
        "source.js punctuation.definition.keyword",
        "source.js keyword.control"
      ],
      "settings": {
        "foreground": "#FFD14A"
      }
    },
    {
      "name": "[JAVASCRIPT] - Variable Language",
      "scope":
        "variable.language, entity.name.type.class.js, meta.tag.js, entity.name.tag.js",
      "settings": {
        "foreground": "#FFD14A"
      }
    },
    {
      "name": "[JAVASCRIPT] - Inherited Component",
      "scope": [
        "entity.other.inherited-class.js",
        "variable.language.this.js",
        "variable.other.readwrite.alias.js",
        "meta.import.js"
      ],
      "settings": {
        "foreground": "#FFD14A"
      }
    },
    // Lines
    {
      "name": "Meta Brace",
      "scope": ["meta.brace"],
      "settings": {
        "foreground": "#888" //888
      }
    },
    // Typescript ----------------------------------------------------------------------
    {
      "name": "Support Variable Property DOM",
      "scope": "support.variable.property.dom",
      "settings": {
        "foreground": "#00AEFF"
      }
    },
    {
      "name": "[JSON] - Support",
      "scope": "source.json support",
      "settings": {
        "foreground": "#fff"
      }
    },
    {
      "name": "[JSON] - String",
      "scope": [
        "source.json string",
        "source.json punctuation.definition.string",
        "punctuation.definition.string.end.json",
        "punctuation.definition.string.begin.json"
      ],
      "settings": {
        "foreground": "#a8f"
      }
    }
    // React -----------------------------------------------------------------------
  ]
}
